<?xml version="1.0"?>
<doc>
    <assembly>
        <name>OmegaProgram</name>
    </assembly>
    <members>
        <member name="T:OmegaProgram.Admin_metody">
            <summary>
            Iclude methods that only user logged as admin can do
            </summary>
        </member>
        <member name="M:OmegaProgram.Admin_metody.Delete_user(System.String)">
            <summary>
            Method for deleting user + log in table zaci/treneri from table uzivatele
            </summary>
            <param name="username"></param>
        </member>
        <member name="M:OmegaProgram.Admin_metody.Update_athlets_groups(System.String,System.String)">
            <summary>
            Method for updating group of concrete athelte
            </summary>
            <param name="name_of_athlete"></param>
            <param name="name_of_group"></param>
        </member>
        <member name="M:OmegaProgram.Admin_metody.Update_trainer_groups(System.String,System.String)">
            <summary>
            Method to add new trainer to concrete group od athlets
            </summary>
            <param name="name_of_trener"></param>
            <param name="name_of_group"></param>
        </member>
        <member name="M:OmegaProgram.Admin_metody.Get_all_athlets">
            <summary>
            Method for getting names of all athlets from table Zaci
            </summary>
            <returns>List of strings of names and surnames</returns>
        </member>
        <member name="M:OmegaProgram.Admin_metody.Get_all_trainers">
            <summary>
            Method for getting names of all trainers from table Treneri
            </summary>
            <returns>List of strings of names and surnames</returns>
        </member>
        <member name="M:OmegaProgram.Admin_metody.Get_all_users">
            <summary>
            Method for getting nicknames of all users from table uzivatele
            </summary>
            <returns>List of strings of nicknames</returns>
        </member>
        <member name="M:OmegaProgram.Admin_metody.Get_all_groups">
            <summary>
            Method for getting names of all groups from table Skupiny
            </summary>
            <returns>List of strings of group names</returns>
        </member>
        <member name="F:OmegaProgram.Admin_ui.components">
            <summary>
            Required designer variable.
            </summary>
        </member>
        <member name="M:OmegaProgram.Admin_ui.Dispose(System.Boolean)">
            <summary>
            Clean up any resources being used.
            </summary>
            <param name="disposing">true if managed resources should be disposed; otherwise, false.</param>
        </member>
        <member name="M:OmegaProgram.Admin_ui.InitializeComponent">
            <summary>
            Required method for Designer support - do not modify
            the contents of this method with the code editor.
            </summary>
        </member>
        <member name="M:OmegaProgram.Dochazka_metody.Insert_to_dochazka(System.String,System.String,System.String)">
            <summary>
            Method for inserting new log to table dochazka
            </summary>
            <param name="skupina"></param>
            <param name="jmeno_prijmeni"></param>
            <param name="datum_cas"></param>
            <param name="prezence"></param>
        </member>
        <member name="M:OmegaProgram.Dochazka_metody.Select_dochazka(System.String,System.String)">
            <summary>
            Method for getting information about presence of concrete student
            </summary>
            <param name="jmeno"></param>
            <param name="datum_cas"></param>
            <returns>string: Přítomen or Nepřítomen or Omluven</returns>
        </member>
        <member name="M:OmegaProgram.Dochazka_metody.Update_dochazka(System.String,System.String,System.String)">
            <summary>
            Method for editing presence of concrete student
            </summary>
            <param name="jmeno_prijmeni"></param>
            <param name="datum_cas"></param>
            <param name="prezence"></param>
        </member>
        <member name="F:OmegaProgram.Dochazka_ui.components">
            <summary>
            Required designer variable.
            </summary>
        </member>
        <member name="M:OmegaProgram.Dochazka_ui.Dispose(System.Boolean)">
            <summary>
            Clean up any resources being used.
            </summary>
            <param name="disposing">true if managed resources should be disposed; otherwise, false.</param>
        </member>
        <member name="M:OmegaProgram.Dochazka_ui.InitializeComponent">
            <summary>
            Required method for Designer support - do not modify
            the contents of this method with the code editor.
            </summary>
        </member>
        <member name="F:OmegaProgram.Registrace.components">
            <summary>
            Required designer variable.
            </summary>
        </member>
        <member name="M:OmegaProgram.Registrace.Dispose(System.Boolean)">
            <summary>
            Clean up any resources being used.
            </summary>
            <param name="disposing">true if managed resources should be disposed; otherwise, false.</param>
        </member>
        <member name="M:OmegaProgram.Registrace.InitializeComponent">
            <summary>
            Required method for Designer support - do not modify
            the contents of this method with the code editor.
            </summary>
        </member>
        <member name="M:OmegaProgram.Registrace_metody.Insert_user(System.String,System.String,System.String)">
            <summary>
            Method for creating new registration of user and adding new log to table uzivatele
            </summary>
            <param name="username"></param>
            <param name="password"></param>
            <param name="typ"></param>
        </member>
        <member name="M:OmegaProgram.Registrace_metody.Insert_zaka(System.String,System.String,System.String,System.String,System.String)">
            <summary>
            Method for creating now log in table zaci
            </summary>
            <param name="id_uziv"></param>
            <param name="jmeno"></param>
            <param name="prijmeni"></param>
            <param name="dat_naroz"></param>
            <param name="pohlavi"></param>
        </member>
        <member name="M:OmegaProgram.Skupiny_metody.Get_id_skup(System.String)">
            <summary>
            Method for getting id of skuping through name of the skupina
            </summary>
            <param name="nazev"></param>
            <returns>string id nubmer of the concrete group</returns>
        </member>
        <member name="M:OmegaProgram.Skupiny_metody.Get_skupiny_of_trener">
            <summary>
            Method for getting all groups which trener train/coach
            </summary>
            <returns>list of string names of groups</returns>
        </member>
        <member name="M:OmegaProgram.Skupiny_metody.Get_skupiny_of_zak">
            <summary>
            Method for getting all groups where is our athlet
            </summary>
            <returns>list of string names of groups</returns>
        </member>
        <member name="M:OmegaProgram.Treneri_metody.Insert_trenera(System.String,System.String,System.String,System.String,System.String)">
            <summary>
            Method for creating new log into table treneri
            </summary>
            <param name="id_uziv"></param>
            <param name="jmeno"></param>
            <param name="prijmeni"></param>
            <param name="pohlavi"></param>
            <param name="tel_cis"></param>
        </member>
        <member name="M:OmegaProgram.Treneri_metody.Get_id_of_trener_thru_user_id(System.String)">
            <summary>
            Method for getting id of trener through id of uzivatele
            </summary>
            <param name="id_user"></param>
            <returns>string id of trener</returns>
        </member>
        <member name="M:OmegaProgram.Treneri_metody.Get_id_of_trener">
            <summary>
            Method for getting id of trener through id of logged uzivatele
            </summary>
            <returns>string id of trener</returns>
        </member>
        <member name="M:OmegaProgram.Treneri_metody.Get_name_surname_of_trener">
            <summary>
            Method for getting name and surname of concrete trener through id_uzivatele
            </summary>
            <returns>list of strings with name and surname</returns>
        </member>
        <member name="M:OmegaProgram.Uzivatele_metody.Get_type_of_user_thru_user_id(System.String)">
            <summary>
            Method for getting typ of user through id of uzivatele
            </summary>
            <param name="id_user"></param>
            <returns>string type user</returns>
        </member>
        <member name="M:OmegaProgram.Uzivatele_metody.Get_id_of_user">
            <summary>
            Method for getting id of uzivatel thru accepted login and password
            </summary>
            <returns>string id of concrete uzivatel</returns>
        </member>
        <member name="M:OmegaProgram.Uzivatele_metody.Get_type_of_user">
            <summary>
            Method for gettig what role user have
            </summary>
            <returns>string zak or trener</returns>
        </member>
        <member name="M:OmegaProgram.Zaci_metody.Get_id_of_athlete_thru_user_id(System.String)">
            <summary>
            Method for getting id of athlete through id of uzivatele
            </summary>
            <param name="id_user"></param>
            <returns>string id of athlete</returns>
        </member>
        <member name="M:OmegaProgram.Zaci_metody.Get_something_from_zaci(System.String)">
            <summary>
            Method for getting any of atributes from table zaci
            </summary>
            <param name="atribut"></param>
            <returns>string of concrete atribut</returns>
        </member>
        <member name="M:OmegaProgram.Zaci_metody.Get_bazal_of_zak">
            <summary>
            Method for getting bazal calories thru atribut of weight from table zaci
            </summary>
            <returns>string of new number of count calories</returns>
        </member>
        <member name="M:OmegaProgram.Zaci_metody.Split_date_others(System.String)">
            <summary>
            Method to get split winForm formate of date to list of chars
            </summary>
            <param name="text"></param>
            <returns>list of chars </returns>
        </member>
        <member name="M:OmegaProgram.Zaci_metody.Get_name_surname_of_zak">
            <summary>
            Method for gettig name and surname of concrete athlete thru id of user
            </summary>
            <returns>list of stings name and surname</returns>
        </member>
        <member name="M:OmegaProgram.Zaci_metody.Get_id_of_athelet_thru_name(System.String)">
            <summary>
            Method for gettig id concrete athelte thru his name and surname
            </summary>
            <param name="jmeno_prijmeni"></param>
            <returns>string of id of concrete athelete</returns>
        </member>
        <member name="M:OmegaProgram.Zaci_metody.Get_id_of_athelte">
            <summary>
            Method for getting id of concrete athlete thru id of user
            </summary>
            <returns>string of id of concrete athelete</returns>
        </member>
        <member name="M:OmegaProgram.Zaci_metody.Select_all_from_zaci(System.String)">
            <summary>
            Method for getting all atributes from table zaci about concrete athlete
            </summary>
            <param name="jmeno_prijmeni"></param>
            <returns>List of strings of informations bout athlete</returns>
        </member>
        <member name="M:OmegaProgram.Zaci_metody.Get_athletes_thru_skupina(System.String)">
            <summary>
            Method for getting all athletes which are in concrete group thru id_skup
            </summary>
            <param name="nazev_skup"></param>
            <returns>List of string of names and surnames of all athletes in group</returns>
        </member>
        <member name="M:OmegaProgram.Zaci_metody.Update_athlete_all(System.Collections.Generic.List{System.String},System.String)">
            <summary>
            Method for updatig all atributes of concrete athlete
            </summary>
            <param name="vse"></param>
            <param name="id_zak"></param>
        </member>
        <member name="M:OmegaProgram.Pripojeni_db.ConnectDB">
            <summary>
            /Method read form config file and make new connection to DB server threw connection string
            </summary>
            <returns>sql connection</returns>
        </member>
        <member name="M:OmegaProgram.Pripojeni_db.Sing_on(System.String,System.String)">
            <summary>
            Method checkig if login and password are correct(exist in DB)
            </summary>
            <param name="log"></param>
            <param name="hes"></param>
            <returns>if they have match return TRUE</returns>
        </member>
        <member name="M:OmegaProgram.Pripojeni_db.get_login">
            <summary>
            
            </summary>
            <returns>string of accepted login</returns>
        </member>
        <member name="M:OmegaProgram.Pripojeni_db.get_heslo">
            <summary>
            
            </summary>
            <returns>string of accepted password</returns>
        </member>
        <member name="M:OmegaProgram.Treninky_metody.Get_id_of_trenink(System.String)">
            <summary>
            Method for getting id of trenink through concrete date and time in one string
            </summary>
            <param name="datum_cas"></param>
            <returns>string id of concrete train</returns>
        </member>
        <member name="M:OmegaProgram.Treninky_metody.Get_treninky_futurePast_week(System.String)">
            <summary>
            Method to get all trainings of concrete group thru her name
            </summary>
            <param name="skupina"></param>
            <returns>List of strings of dates concrete train</returns>
        </member>
        <member name="M:OmegaProgram.Treninky_metody.Get_trainings_of_athlete(System.String)">
            <summary>
            Method for getting all treainings what exists and are for concrete athlete
            </summary>
            <param name="nazev"></param>
            <returns>List of strings of informations about trainings</returns>
        </member>
        <member name="M:OmegaProgram.Treninky_metody.Insert_trenink(System.String,System.String,System.String,System.String,System.String)">
            <summary>
            Method to insert new log to table treninky
            </summary>
            <param name="id_skup"></param>
            <param name="nazev_tren"></param>
            <param name="popis"></param>
            <param name="datum"></param>
            <param name="delka"></param>
        </member>
        <member name="M:OmegaProgram.Treninky_metody.Delete_trenink(System.String,System.String)">
            <summary>
            Method for deleting concrete log in table treninky
            </summary>
            <param name="id_skup"></param>
            <param name="id_tren"></param>
        </member>
        <member name="M:OmegaProgram.Treninky_metody.Select_treninky_thru_idSku_idTrenink(System.String,System.String)">
            <summary>
            Method to get all 
            </summary>
            <param name="id_skup"></param>
            <param name="id_tren"></param>
            <returns></returns>
        </member>
        <member name="M:OmegaProgram.Treninky_metody.Update_trenink_choose(System.String,System.String,System.String,System.String)">
            <summary>
            Method for choose if user want to edit nvarchar or int in DB
            </summary>
            <param name="skupina"></param>
            <param name="id_tren"></param>
            <param name="atribut"></param>
            <param name="new_parametr"></param>
        </member>
        <member name="M:OmegaProgram.Treninky_metody.Update_trenink_string(System.String,System.String,System.String,System.String)">
            <summary>
            Method to update atribute of datatype what need to be written in apostrofes
            </summary>
            <param name="skupina"></param>
            <param name="id_trenink"></param>
            <param name="atribut"></param>
            <param name="new_parametr"></param>
        </member>
        <member name="M:OmegaProgram.Treninky_metody.Update_trenink_float(System.String,System.String,System.String,System.String)">
            <summary>
            Method to update atribute of datatype what dont need to be written in apostrofes
            </summary>
            <param name="skupina"></param>
            <param name="id_trenink"></param>
            <param name="atribut"></param>
            <param name="new_parametr"></param>
        </member>
        <member name="F:OmegaProgram.Tren_zak_info_ui.components">
            <summary>
            Required designer variable.
            </summary>
        </member>
        <member name="M:OmegaProgram.Tren_zak_info_ui.Dispose(System.Boolean)">
            <summary>
            Clean up any resources being used.
            </summary>
            <param name="disposing">true if managed resources should be disposed; otherwise, false.</param>
        </member>
        <member name="M:OmegaProgram.Tren_zak_info_ui.InitializeComponent">
            <summary>
            Required method for Designer support - do not modify
            the contents of this method with the code editor.
            </summary>
        </member>
        <member name="F:OmegaProgram.Vytvorit_trenink_ui.components">
            <summary>
            Required designer variable.
            </summary>
        </member>
        <member name="M:OmegaProgram.Vytvorit_trenink_ui.Dispose(System.Boolean)">
            <summary>
            Clean up any resources being used.
            </summary>
            <param name="disposing">true if managed resources should be disposed; otherwise, false.</param>
        </member>
        <member name="M:OmegaProgram.Vytvorit_trenink_ui.InitializeComponent">
            <summary>
            Required method for Designer support - do not modify
            the contents of this method with the code editor.
            </summary>
        </member>
        <member name="F:OmegaProgram.Zakovo_info_ui.components">
            <summary>
            Required designer variable.
            </summary>
        </member>
        <member name="M:OmegaProgram.Zakovo_info_ui.Dispose(System.Boolean)">
            <summary>
            Clean up any resources being used.
            </summary>
            <param name="disposing">true if managed resources should be disposed; otherwise, false.</param>
        </member>
        <member name="M:OmegaProgram.Zakovo_info_ui.InitializeComponent">
            <summary>
            Required method for Designer support - do not modify
            the contents of this method with the code editor.
            </summary>
        </member>
        <member name="F:OmegaProgram.Zak_treninky.components">
            <summary>
            Required designer variable.
            </summary>
        </member>
        <member name="M:OmegaProgram.Zak_treninky.Dispose(System.Boolean)">
            <summary>
            Clean up any resources being used.
            </summary>
            <param name="disposing">true if managed resources should be disposed; otherwise, false.</param>
        </member>
        <member name="M:OmegaProgram.Zak_treninky.InitializeComponent">
            <summary>
            Required method for Designer support - do not modify
            the contents of this method with the code editor.
            </summary>
        </member>
        <member name="F:OmegaProgram.Zak_ui.components">
            <summary>
            Required designer variable.
            </summary>
        </member>
        <member name="M:OmegaProgram.Zak_ui.Dispose(System.Boolean)">
            <summary>
            Clean up any resources being used.
            </summary>
            <param name="disposing">true if managed resources should be disposed; otherwise, false.</param>
        </member>
        <member name="M:OmegaProgram.Zak_ui.InitializeComponent">
            <summary>
            Required method for Designer support - do not modify
            the contents of this method with the code editor.
            </summary>
        </member>
        <member name="F:OmegaProgram.Prihlaseni_ui.components">
            <summary>
            Vyžaduje se proměnná návrháře.
            </summary>
        </member>
        <member name="M:OmegaProgram.Prihlaseni_ui.Dispose(System.Boolean)">
            <summary>
            Uvolněte všechny používané prostředky.
            </summary>
            <param name="disposing">hodnota true, když by se měl spravovaný prostředek odstranit; jinak false.</param>
        </member>
        <member name="M:OmegaProgram.Prihlaseni_ui.InitializeComponent">
            <summary>
            Metoda vyžadovaná pro podporu Návrháře - neupravovat
            obsah této metody v editoru kódu.
            </summary>
        </member>
        <member name="F:OmegaProgram.Trener_ui.components">
            <summary>
            Required designer variable.
            </summary>
        </member>
        <member name="M:OmegaProgram.Trener_ui.Dispose(System.Boolean)">
            <summary>
            Clean up any resources being used.
            </summary>
            <param name="disposing">true if managed resources should be disposed; otherwise, false.</param>
        </member>
        <member name="M:OmegaProgram.Trener_ui.InitializeComponent">
            <summary>
            Required method for Designer support - do not modify
            the contents of this method with the code editor.
            </summary>
        </member>
        <member name="M:OmegaProgram.Program.Main">
             <summary>
             Hlavní vstupní bod aplikace.
             </summary>
            
        </member>
        <member name="F:OmegaProgram.Treninky_akce_ui.components">
            <summary>
            Required designer variable.
            </summary>
        </member>
        <member name="M:OmegaProgram.Treninky_akce_ui.Dispose(System.Boolean)">
            <summary>
            Clean up any resources being used.
            </summary>
            <param name="disposing">true if managed resources should be disposed; otherwise, false.</param>
        </member>
        <member name="M:OmegaProgram.Treninky_akce_ui.InitializeComponent">
            <summary>
            Required method for Designer support - do not modify
            the contents of this method with the code editor.
            </summary>
        </member>
        <member name="T:OmegaProgram.Properties.Resources">
            <summary>
              Třída prostředků se silnými typy pro vyhledávání lokalizovaných řetězců atp.
            </summary>
        </member>
        <member name="P:OmegaProgram.Properties.Resources.ResourceManager">
            <summary>
              Vrací instanci ResourceManager uloženou v mezipaměti použitou touto třídou.
            </summary>
        </member>
        <member name="P:OmegaProgram.Properties.Resources.Culture">
            <summary>
              Potlačí vlastnost CurrentUICulture aktuálního vlákna pro všechna
              vyhledání prostředků pomocí třídy prostředků se silnými typy.
            </summary>
        </member>
    </members>
</doc>
